,id,valence,arousal,likeability
0,_0bg1TLPP-I.004.mp4,2,2,3
1,_7s27dUoYVg.000.mp4,2,2,3
2,_7s27dUoYVg.003.mp4,2,2,3
3,_fJcW5234bY.002.mp4,2,2,3
4,_IS6GFmQYj4.002.mp4,3,3,2
5,_mtiuHyOFXg.001.mp4,2,2,2
6,_RAGzfJnpUE.001.mp4,2,2,2
7,_RAGzfJnpUE.003.mp4,2,2,2
8,_uNup91ZYw0.002.mp4,3,3,3
9,_zs9K5Gtkwo.003.mp4,2,2,1
10,_ztmNiy8D3c.003.mp4,2,2,2
11,0_xOGmydDN0.002.mp4,2,2,2
12,05l5bteT_qA.001.mp4,3,3,2
13,0axZSeaUbfs.002.mp4,2,3,2
14,0fMw9o1v2tY.001.mp4,2,2,2
15,0FVu7VKIg2s.000.mp4,2,2,2
16,0kg6pmbSN6A.005.mp4,2,2,2
17,0tse0Fsy_rg.001.mp4,2,2,2
18,0tse0Fsy_rg.002.mp4,2,2,2
19,0tse0Fsy_rg.004.mp4,2,2,2
20,0u56Q_QmxIM.002.mp4,2,1,1
21,0Wr69VD_oXI.004.mp4,2,3,2
22,184MlJCcboQ.000.mp4,2,3,2
23,1AMp8Y_0UGc.000.mp4,2,2,2
24,1cqwKxx6GF8.004.mp4,2,2,2
25,1CYzbX8AaP8.001.mp4,3,2,2
26,1DCnIad1Y0w.002.mp4,1,2,1
27,1hpZ2ecWqtI.002.mp4,3,2,2
28,1izSTcQI7H4.000.mp4,1,2,2
29,1izSTcQI7H4.004.mp4,2,2,2
30,1mdMhaq5p4w.004.mp4,2,3,2
31,1mHjMNZZvFo.000.mp4,3,3,2
32,1YsZ4GPpyBA.004.mp4,2,2,2
33,2fzLibPAtvI.005.mp4,2,2,2
34,2hhqEWiv4eI.002.mp4,3,2,1
35,2hhqEWiv4eI.004.mp4,3,2,1
36,2IwWILRuuNU.003.mp4,2,2,2
37,2kqPuht5jTg.002.mp4,1,2,2
38,2kqPuht5jTg.005.mp4,3,2,3
39,2KSBoJZMcMU.003.mp4,2,3,2
40,2mfmw63l88g.005.mp4,2,1,1
41,2oEUp9sGRGk.000.mp4,2,3,2
42,2PSGksTyrnI.004.mp4,2,2,2
43,2q8orkMs2Jg.000.mp4,3,2,3
44,2TMl5EMrdVI.002.mp4,2,2,2
45,2WuhWF4fAOQ.001.mp4,3,2,2
46,2x8GZaBY6TM.003.mp4,2,2,2
47,300gK3CnzW0.004.mp4,2,2,2
48,39BJkEXJpgc.001.mp4,2,2,2
49,3AyjQQYmqU4.000.mp4,2,2,3
50,3ccY8jYkI5o.000.mp4,3,3,3
51,3df_Uk9EmwU.004.mp4,2,2,3
52,3DURnr95fMg.004.mp4,1,2,1
53,3gKpBq-1yG4.001.mp4,2,2,1
54,3GylAjrajHs.004.mp4,2,3,2
55,3J7Cl3FXs1o.001.mp4,3,2,3
56,3JAFkk42zPs.005.mp4,2,2,1
57,3LAaFUSGvsU.001.mp4,1,2,2
58,3orJLMVqWYw.000.mp4,3,2,2
59,3orJLMVqWYw.004.mp4,3,2,2
60,3Q3SB1dVAng.002.mp4,3,2,2
61,3Q3SB1dVAng.003.mp4,3,2,1
62,3RhBqNzCMG8.001.mp4,2,2,3
63,3S8QUGYVf_w.000.mp4,2,2,2
64,3Sj-GZ3YXWs.000.mp4,2,2,1
65,3ySH8eJQRCI.005.mp4,2,2,2
66,44rxmXiga90.001.mp4,2,2,2
67,44rxmXiga90.004.mp4,3,2,2
68,45SH4ohAH3M.005.mp4,2,2,2
69,48S9_KZvzVw.005.mp4,3,3,3
70,495hLlCEW64.001.mp4,2,3,2
71,4CSV8L7aVik.000.mp4,2,3,1
72,4F-WBGPXiqQ.001.mp4,1,2,2
73,4JYmE9a21aI.002.mp4,2,2,2
74,4kIHxR6s1L4.005.mp4,2,2,2
75,4lH5nLSwmoM.001.mp4,2,2,3
76,4lH5nLSwmoM.003.mp4,3,2,3
77,4lj66h4CXI8.002.mp4,3,3,2
78,4lyKh2_xCDQ.004.mp4,3,3,2
79,4nJLbAKgwfw.005.mp4,2,3,2
80,4NzqG0XwOWg.002.mp4,2,3,2
81,4TpJ1FT2w6Y.005.mp4,2,2,3
82,4V7doeEKsus.002.mp4,2,2,1
83,4vdJGgZpj4k.004.mp4,2,1,2
84,4VwcU0ROy5k.001.mp4,2,2,3
85,50gokPvvMs8.000.mp4,2,1,2
86,50gokPvvMs8.002.mp4,3,2,2
87,51hGkzvYP00.001.mp4,2,2,3
88,51z2rCqPqPE.005.mp4,2,3,2
89,521sm7CTyfg.000.mp4,2,1,1
90,53srfuqv9LM.002.mp4,2,3,2
91,54TGLGvIm_8.001.mp4,2,3,2
92,54TGLGvIm_8.004.mp4,2,3,2
93,-55DRRMTppE.005.mp4,3,2,3
94,59Smv7wl--w.001.mp4,2,3,3
95,59Smv7wl--w.002.mp4,2,3,2
96,5BPGRteF64Y.001.mp4,2,2,2
97,5BPGRteF64Y.002.mp4,3,2,2
98,5Eez38v8TuU.000.mp4,2,2,2
99,5f6s8cwA7WQ.005.mp4,2,3,2
100,5h5Pajjc_xM.001.mp4,2,3,3
101,5hFRSHAis2E.003.mp4,2,2,2
102,5kwoq4EZixQ.003.mp4,2,2,2
103,5kY-Iv6UkeU.003.mp4,2,2,2
104,5uFZ-2kYGO0.000.mp4,2,2,2
105,5wpoKhbt28c.001.mp4,2,3,3
106,5z4G0biL9B4.003.mp4,2,2,2
107,62ngcaBjRCY.005.mp4,3,3,1
108,69BopbFc34U.001.mp4,2,1,2
109,69BopbFc34U.004.mp4,2,1,1
110,6EMgu2djYrU.005.mp4,3,3,2
111,6ePyEPQp77Q.005.mp4,2,2,1
112,6JfSPPVUgIg.003.mp4,1,1,1
113,6k8RQViPUTc.000.mp4,1,2,2
114,6KKNrufnL80.000.mp4,2,3,2
115,6-O-HJf6OZI.002.mp4,2,2,2
116,6TkMavTyimI.000.mp4,2,2,2
117,6uqXoPJSoPg.005.mp4,3,2,3
118,6waL_gUxtAM.000.mp4,3,2,3
119,6WSr4IW6cNI.000.mp4,2,2,2
120,78zauTEQ-k8.001.mp4,2,2,2
121,7I-B2bBL0K0.004.mp4,2,3,2
122,7IegDaeNlik.003.mp4,2,2,2
123,7IegDaeNlik.005.mp4,2,2,1
124,7Kn5VT9bB4I.001.mp4,2,2,2
125,7MwZm3mhSA8.004.mp4,2,2,2
126,7nhJXn9PI0I.004.mp4,2,3,2
127,7pLWTfnOSIU.001.mp4,2,1,2
128,7PYAn9njCHI.004.mp4,2,3,2
129,7RQbn7LM10I.000.mp4,2,2,3
130,7tlMys6MZ34.000.mp4,2,2,2
131,7UQt8QB3cQY.003.mp4,2,3,1
132,836kYlEs9GI.003.mp4,2,2,1
133,83cmR2fkyy8.005.mp4,3,2,2
134,84Lz5a9yRZg.002.mp4,2,2,2
135,8aLr0vNobr4.004.mp4,2,2,2
136,8e4nnel_x-M.001.mp4,2,3,2
137,8g5jPiQ6XdA.004.mp4,2,3,2
138,8i7H-uSCQcc.004.mp4,2,2,2
139,8lg8A_zFOmg.000.mp4,2,2,1
140,8narByy2B5g.004.mp4,2,1,1
141,8py6SksNsZQ.005.mp4,2,3,2
142,8qDKGnABATw.001.mp4,2,3,2
143,8qesctueAV0.000.mp4,3,2,2
144,8qG1sMihtPA.000.mp4,2,2,3
145,93XyRBd_HqU.002.mp4,2,2,2
146,98fnGDVky00.003.mp4,3,1,2
147,98fnGDVky00.005.mp4,3,1,2
148,9cj8rrj1wSk.000.mp4,2,3,2
149,9Crw2RtrBcY.004.mp4,2,3,2
150,9DF_-PXbpkg.001.mp4,2,2,2
151,9eNHxfOV2Kg.002.mp4,2,2,2
152,9eNHxfOV2Kg.004.mp4,2,2,3
153,9hqH1PJ6cG8.001.mp4,3,3,3
154,9KAqOrdiZ4I.002.mp4,2,2,2
155,9mM_0vrO3wc.003.mp4,3,2,2
156,9QOFKbaPX3M.000.mp4,2,2,2
157,9sfpnlBRCl0.000.mp4,2,3,2
158,9XqeGs2MMic.000.mp4,2,2,2
159,A3StIKMjn4k.002.mp4,3,2,2
160,A7exx3pEPkE.000.mp4,2,2,1
161,a84s1DYag-I.001.mp4,2,2,2
162,ADa9rkwF2uA.003.mp4,2,2,2
163,Af_F0IzHK6o.004.mp4,2,2,2
164,aFVFvJNnFt0.000.mp4,2,3,1
165,AFvUxDwJB84.003.mp4,2,3,2
166,AheKnXrL0Wk.002.mp4,2,2,2
167,aLAqJkRWKuk.002.mp4,3,3,3
168,AlEqtGWa43g.000.mp4,2,2,2
169,AlEqtGWa43g.005.mp4,2,2,2
170,-AmMDnVl4s8.003.mp4,2,2,2
171,aMmEPRJGocM.004.mp4,3,2,3
172,a-nUsP7oETI.000.mp4,2,3,2
173,aoRjg63uRww.003.mp4,2,2,2
174,AotbiNsU85A.002.mp4,2,2,2
175,ApPnsnIZozw.005.mp4,3,2,2
176,APqMkruLkoE.004.mp4,2,3,2
177,aPTNxA43WHY.002.mp4,3,2,2
178,ask-ZFRztf8.002.mp4,2,2,3
179,ask-ZFRztf8.005.mp4,2,1,3
180,AV7aKrAs-kM.005.mp4,2,2,2
181,AwNVGShHjvw.004.mp4,2,3,2
182,ax1Fck6zMzk.003.mp4,2,2,3
183,B2q0gbLVeck.000.mp4,2,2,3
184,B3VQeeev0r0.001.mp4,3,2,3
185,B4ducm9sydg.003.mp4,2,2,1
186,B8kzwm6ZaUo.001.mp4,3,2,3
187,B8kzwm6ZaUo.002.mp4,2,2,3
188,B9NSU6gQdRw.005.mp4,2,3,2
189,bcx6xr9Ja-8.005.mp4,2,3,2
190,be0DQawtVkE.000.mp4,2,3,2
191,bej-DbxTkWA.000.mp4,2,2,2
192,bej-DbxTkWA.003.mp4,2,2,2
193,bEXDNfLBy1I.004.mp4,2,2,2
194,bFwtVtZodIg.002.mp4,3,2,2
195,bFwtVtZodIg.004.mp4,1,3,2
196,Bije9nsMl7M.003.mp4,2,3,2
197,BJpWi1qGp1A.000.mp4,2,2,2
198,BkDdtxDPjJA.001.mp4,2,1,2
199,bkzgccBFztM.000.mp4,2,3,2
200,BLeDNfK2quI.005.mp4,2,2,2
201,BLKXsX7-WIg.000.mp4,2,3,1
202,bMY2DaFFwzU.000.mp4,2,2,2
203,B-OJ_xZILLg.003.mp4,2,2,2
204,Bo-mrL28d8M.003.mp4,2,2,1
205,BSkTPW_Qsio.001.mp4,2,3,3
206,bt-ev53zZWE.004.mp4,2,3,1
207,BWAEpai6FK0.003.mp4,2,2,3
208,bYXRyimxh7A.002.mp4,3,2,3
209,bzaOB8BoWPU.003.mp4,2,1,2
210,C_NtwmmF2Ys.000.mp4,1,1,1
211,C_NtwmmF2Ys.002.mp4,1,2,1
212,C0UMWrEJ2x0.005.mp4,2,3,3
213,C3knX70mzxQ.004.mp4,2,3,2
214,c3SQSM9OIsA.001.mp4,2,3,2
215,c4XnKouozXU.000.mp4,2,2,2
216,c4XnKouozXU.001.mp4,2,2,2
217,c5ZnKbaNCE8.005.mp4,2,2,2
218,C8xZ0vhrrFE.002.mp4,2,2,1
219,C8xZ0vhrrFE.003.mp4,2,2,1
220,CdUYBux3Vn8.002.mp4,3,2,2
221,CfNbSToI21k.004.mp4,2,3,2
222,cnsvc0alWOA.000.mp4,2,3,2
223,cnsvc0alWOA.004.mp4,3,3,2
224,cNXnowQb7rs.004.mp4,2,2,1
225,CO7vZjYF6Zk.000.mp4,2,2,3
226,cOossY5pTrU.002.mp4,3,3,2
227,cP_dSXql7z8.000.mp4,2,2,2
228,cP_dSXql7z8.003.mp4,2,2,2
229,CpmR-91GxmY.000.mp4,2,3,3
230,CPtaCNonKlE.003.mp4,2,3,2
231,CQMH9Qguuao.000.mp4,2,2,2
232,CqQavmWSLrI.000.mp4,2,3,2
233,CRLsCyMfskE.000.mp4,2,2,2
234,cTbfp7nkX8c.000.mp4,2,2,1
235,cvHqtadNJDo.004.mp4,2,2,3
236,Cvuu76B-bxA.002.mp4,2,2,2
237,cWZudzeJVXg.002.mp4,2,2,2
238,D_FGBb-1B1o.001.mp4,2,2,3
239,D_FGBb-1B1o.002.mp4,3,2,3
240,d_POf1pikX0.005.mp4,1,2,2
241,d4cPiUXpGbc.005.mp4,2,3,2
242,d4iSwRMV0bA.002.mp4,2,2,2
243,D4TU65xbF4g.000.mp4,3,3,2
244,D4TU65xbF4g.005.mp4,1,2,2
245,datcFOBWYxc.005.mp4,3,2,2
246,dB2XYhvqUBU.003.mp4,2,2,3
247,dd0z9mErfSo.002.mp4,3,3,2
248,dd0z9mErfSo.003.mp4,3,3,3
249,DegRGUG4Wi0.001.mp4,3,2,3
250,dh6iOU2RtTA.003.mp4,3,3,3
251,dJlEHhyij5k.001.mp4,3,3,2
252,dkhnv1EBvKI.002.mp4,2,2,2
253,dkhnv1EBvKI.005.mp4,2,2,3
254,dLaqub4BEsA.001.mp4,3,2,3
255,dLltwqkvsNg.002.mp4,2,2,2
256,dmOKZLeFKCM.004.mp4,3,2,2
257,dmycfNpiWCE.005.mp4,3,3,2
258,DnTtbAR_Qyw.004.mp4,3,3,3
259,dNXqs5HNijI.004.mp4,3,3,2
260,do8FmnQbI5I.000.mp4,2,2,2
261,do8FmnQbI5I.001.mp4,2,2,3
262,-DOqN0d8KHw.003.mp4,2,2,1
263,DTZeyoKUPx4.000.mp4,2,1,1
264,DTZeyoKUPx4.003.mp4,2,1,1
265,DTZeyoKUPx4.005.mp4,2,1,1
266,duEi37qVB7k.000.mp4,2,3,2
267,DVh_7dO2cWY.000.mp4,2,2,3
268,DVh_7dO2cWY.003.mp4,3,3,3
269,DvmzcQI5cnM.001.mp4,2,2,2
270,dVwDf5N2NRA.005.mp4,2,2,2
271,DWVJXufR7gE.001.mp4,2,2,2
272,DXYRJ8PReoE.002.mp4,3,3,2
273,DyZlhseSuec.002.mp4,3,3,2
274,DyZlhseSuec.004.mp4,2,3,2
275,e2EmGXRJ1K0.001.mp4,2,2,2
276,e3Y7na4SBh4.002.mp4,2,2,2
277,E6rptSS3kP4.000.mp4,3,3,3
278,eAkWSjU-JyY.001.mp4,2,2,2
279,eAkWSjU-JyY.002.mp4,3,2,2
280,EcOC7ZVRSg4.003.mp4,2,2,2
281,eD4b8sM-Tpw.000.mp4,2,2,1
282,EelHLfeSJfM.004.mp4,2,2,1
283,EffEoI1l1zE.002.mp4,2,2,1
284,eFzN_frNW8g.000.mp4,2,2,2
285,eI_7SimPnnQ.001.mp4,2,2,2
286,EiXQ9RErt6c.003.mp4,2,2,2
287,ej0RpdM9kJA.000.mp4,2,2,2
288,EL1Q7x_1a74.000.mp4,3,2,2
289,EL1Q7x_1a74.005.mp4,3,2,2
290,EmGTj1DRMbo.003.mp4,2,2,2
291,EMqrrHHbP3s.001.mp4,2,2,3
292,EMqrrHHbP3s.002.mp4,3,2,3
293,EqTB9rAC-tA.000.mp4,2,1,2
294,eqXrUXW4yHY.003.mp4,2,3,2
295,erJNMcO69Eo.002.mp4,2,2,2
296,erJNMcO69Eo.005.mp4,2,2,2
297,eRRCer7epnA.005.mp4,2,2,3
298,esjSS0xsHFA.002.mp4,2,2,2
299,Etfh8X-ECtY.001.mp4,2,2,2
300,evrzg3Pzyc0.002.mp4,2,2,2
301,EwMMNKLjO9w.002.mp4,3,2,2
302,eXtskPoi58A.001.mp4,1,3,2
303,F0_EI_X5JVk.001.mp4,3,3,3
304,F0_EI_X5JVk.003.mp4,2,3,2
305,f0LnGz5Z6kA.002.mp4,3,3,2
306,f4rQJiW6oSk.005.mp4,2,3,2
307,F4UeAogUMMs.005.mp4,2,2,2
308,f9GeYKAXgAQ.000.mp4,2,2,2
309,F9mZ6De_6Ko.004.mp4,2,3,3
310,fBMKlYUjA9E.003.mp4,3,3,3
311,Fco1CMgOadI.005.mp4,2,2,2
312,FcR9VhCxBb0.004.mp4,2,3,2
313,fecQUZ-ehKQ.000.mp4,2,2,1
314,fecQUZ-ehKQ.002.mp4,2,3,2
315,fEix0DPOWtg.005.mp4,2,2,2
316,fEZrAGQoh_g.001.mp4,2,2,2
317,fH0jgh_VKmE.003.mp4,2,2,2
318,fhUGU2uiS1U.001.mp4,2,3,3
319,fipvPdFbKN4.000.mp4,2,2,1
320,fipvPdFbKN4.004.mp4,2,2,1
321,fiVORaERbP0.002.mp4,2,3,2
322,fk_ggmC872E.000.mp4,2,2,1
323,fk_ggmC872E.003.mp4,3,2,1
324,FkuwzJcoRVI.004.mp4,2,2,2
325,fL8VYpOTLSM.004.mp4,2,2,2
326,fLRRMLTFGMQ.000.mp4,3,2,2
327,FM5UaJS-bhg.001.mp4,2,3,2
328,fmue_KpW9Ro.000.mp4,2,1,2
329,-fqiCqZtgYs.002.mp4,2,3,2
330,frsDpQjmC5k.002.mp4,2,3,2
331,fSDA4eEyGHk.002.mp4,2,2,2
332,fSkQXqXR7D0.001.mp4,2,2,2
333,fTpemcfElxI.000.mp4,2,1,2
334,fUIWjaZCYwM.001.mp4,2,2,1
335,fwJykIyvS04.001.mp4,2,2,3
336,Fz1BcPpjNXY.001.mp4,2,2,2
337,FZYN9ZFngFM.001.mp4,2,2,2
338,g0PWBzU95sI.001.mp4,3,3,2
339,g0Zlp-F6Z6E.004.mp4,2,3,2
340,g24JGYuT74A.003.mp4,2,2,1
341,G-25EWOIGNs.002.mp4,2,3,2
342,G7QTNbKbu_4.003.mp4,2,2,2
343,g7sDGH8APwk.000.mp4,2,2,2
344,g8rjtlzAQ6k.003.mp4,2,2,3
345,gCQT7zfS7sI.001.mp4,2,2,2
346,Gdv79afXNKE.005.mp4,2,3,3
347,geXpIfaFzF4.001.mp4,2,2,2
348,gipWTZy9mjI.002.mp4,2,2,2
349,Gl93Hw1A2kY.003.mp4,2,1,2
350,-Gl98Jn45Fs.003.mp4,2,2,3
351,gLtvOEy7m8Q.005.mp4,2,2,3
352,GquB5W7bzFo.003.mp4,2,2,2
353,Gs-AdRcYSPo.004.mp4,2,3,2
354,gsleSGEZHAs.001.mp4,2,3,2
355,GTmHSF6vNWc.001.mp4,2,3,2
356,gUyH1qvbOZA.004.mp4,3,2,3
357,GwKmjEb3qN0.001.mp4,2,2,2
358,GxMxrhiyjO8.005.mp4,2,2,3
359,GyLjVOVPGKQ.001.mp4,3,3,1
360,gZblxCs4EV4.001.mp4,2,3,2
361,gZzB49daFfA.005.mp4,2,2,3
362,h9jIdLBaMEo.000.mp4,3,3,3
363,HegkSmkiBos.005.mp4,3,3,3
364,HEHMW0uiFa4.002.mp4,2,2,2
365,hG0I7DLSSYg.003.mp4,2,2,3
366,HH03EXo0TB0.002.mp4,2,2,2
367,HhC2cGFFZeY.005.mp4,2,2,2
368,HJkoeB_F4c4.001.mp4,2,3,3
369,h-jMFLm6U_Y.004.mp4,2,2,2
370,Hklc55y7vUI.000.mp4,2,2,2
371,Hm5K_K0v718.000.mp4,2,2,2
372,hnWMsZEQWt4.003.mp4,3,3,3
373,HONL8ha-1BE.004.mp4,2,2,3
374,hOXvRgxjfik.001.mp4,2,3,1
375,hOXvRgxjfik.004.mp4,2,3,1
376,hPguTv1Zvg8.004.mp4,2,2,2
377,hquzfo9MVDo.002.mp4,2,2,2
378,hquzfo9MVDo.003.mp4,3,2,2
379,hrat_RJczFM.001.mp4,2,2,2
380,htH89DBizno.002.mp4,2,2,3
381,HUHFlCs3YJ8.000.mp4,2,2,2
382,HUHFlCs3YJ8.001.mp4,2,2,2
383,HUHFlCs3YJ8.003.mp4,3,3,2
384,huIQlWsIEvY.005.mp4,2,2,2
385,HUJt0I1UKzo.000.mp4,2,2,3
386,hX2TVefa5bQ.005.mp4,2,3,2
387,I01_ubtktEQ.001.mp4,2,3,2
388,I01_ubtktEQ.004.mp4,3,3,2
389,i1cAYtXA2Xs.002.mp4,2,2,1
390,i1cAYtXA2Xs.003.mp4,3,2,2
391,iAgu-wDe2MQ.002.mp4,2,2,2
392,ibawV2tqKug.005.mp4,2,2,2
393,ic_LECbCm5M.004.mp4,2,2,1
394,IFXaH_E54iA.002.mp4,2,2,2
395,iGlLSkRAsJc.000.mp4,3,2,2
396,iiW_nu6JITY.004.mp4,2,3,3
397,-IK--4uz5ZY.004.mp4,2,2,2
398,IL5VgGakSNw.005.mp4,2,2,2
399,in-HuMgiDCE.001.mp4,2,2,2
400,in-HuMgiDCE.002.mp4,1,2,2
401,in-HuMgiDCE.004.mp4,2,2,2
402,io0aNQE8En8.000.mp4,2,1,2
403,io0aNQE8En8.003.mp4,2,1,2
404,iPblZBQpafs.003.mp4,3,2,2
405,IPjl2LdPMn0.004.mp4,2,3,2
406,Iqbg3CwVpXA.004.mp4,2,2,2
407,IQdz0Pd-L2Y.003.mp4,2,2,1
408,IQNNEfYYYiw.005.mp4,2,3,2
409,iQvoDdxt06M.000.mp4,2,3,2
410,isqmQc9AfBc.000.mp4,1,3,2
411,It0-yCwOc5k.000.mp4,2,2,2
412,IveGfOJ86wY.004.mp4,1,3,2
413,IwfA-squ7Oo.000.mp4,2,2,2
414,IwfA-squ7Oo.001.mp4,2,2,2
415,iWyAQkMVNfM.003.mp4,2,2,2
416,iXaqqRE76lI.000.mp4,2,2,2
417,ixPqs7L8oAE.005.mp4,2,2,2
418,IXVf5VWxOAg.000.mp4,2,2,2
419,IyBCZySg-c4.000.mp4,2,2,2
420,izqyworQEEM.001.mp4,3,3,2
421,IzsP0TRzFbo.002.mp4,3,2,3
422,J28DwJsK8Do.004.mp4,3,3,2
423,j3jdT1V-DeI.001.mp4,3,3,2
424,j3jdT1V-DeI.004.mp4,3,3,2
425,J8YpOUmN_aI.000.mp4,2,3,3
426,J8YpOUmN_aI.001.mp4,2,3,2
427,J8YpOUmN_aI.005.mp4,3,3,2
428,JBdLI6AhJrw.000.mp4,2,3,3
429,JBdLI6AhJrw.001.mp4,3,3,2
430,jDdRrqRcSzM.002.mp4,3,2,2
431,JEualxMkaE4.003.mp4,3,3,2
432,Jf8lqSpAjZ8.004.mp4,3,3,2
433,JFKZEGDhcRs.002.mp4,3,2,2
434,Jh7Wk5fYeMk.001.mp4,1,2,3
435,JhdFmuwquHM.003.mp4,2,2,2
436,Jhz5ssCKaug.001.mp4,2,2,2
437,JIR4aPcyrn8.000.mp4,2,2,2
438,JiXJeI5_jGM.000.mp4,2,2,1
439,JIYZTruMpiI.003.mp4,2,2,2
440,jmbAPNTJ3Vk.005.mp4,2,3,2
441,JO44XCaQGVY.000.mp4,3,3,2
442,Jog1-pYOSD0.003.mp4,2,1,2
443,jOTlJwOBSd4.004.mp4,2,2,2
444,jpPZVmzleAo.002.mp4,2,2,3
445,jpyU48DzGTY.001.mp4,3,2,2
446,jpyU48DzGTY.004.mp4,3,2,2
447,jTkEWnuDnbA.001.mp4,3,3,3
448,JTmq4k4uQCY.002.mp4,2,3,2
449,Jv2lyDcOmEM.001.mp4,2,2,2
450,jwcSbw4NDn0.005.mp4,2,2,2
451,jxoOEkSq0uM.001.mp4,3,2,3
452,jxt1W2WRNHQ.002.mp4,2,2,2
453,jZDlFzVUZwY.005.mp4,2,2,2
454,JzXnxQDnwWE.002.mp4,3,3,3
455,K9h_wA30XgM.002.mp4,2,2,2
456,KahSwziq8F0.002.mp4,2,2,1
457,KahSwziq8F0.004.mp4,2,2,1
458,kDP6_hiBR0o.002.mp4,2,3,2
459,kDP6_hiBR0o.005.mp4,2,2,2
460,kdPRPO3wgg0.001.mp4,2,3,2
461,kdPRPO3wgg0.004.mp4,2,2,2
462,KDwpjQiIfjY.000.mp4,2,2,3
463,KGRUaRe3r7I.001.mp4,3,3,2
464,KGRUaRe3r7I.002.mp4,3,3,3
465,khCsAN1Bk_I.002.mp4,2,1,2
466,KhMsmtSC5Lg.005.mp4,2,2,3
467,KHQJhOzdrYo.003.mp4,2,2,1
468,KIhpjwf5uAA.000.mp4,2,3,2
469,KIhpjwf5uAA.001.mp4,2,3,2
470,K-iwJMxjyx4.003.mp4,2,3,2
471,K-iwJMxjyx4.005.mp4,3,3,3
472,KJ643kfjqLY.002.mp4,2,3,3
473,KJ643kfjqLY.003.mp4,2,3,3
474,kK534gUcRF4.004.mp4,2,3,2
475,kKRc2aXzQyM.004.mp4,3,3,1
476,KLY518hfGhU.000.mp4,3,2,3
477,kn6I8LdQFN0.004.mp4,1,3,1
478,kN9cs2nFhM4.005.mp4,3,2,2
479,KpTHRBaYny8.005.mp4,2,3,2
480,Kpto8K_B-5A.002.mp4,2,3,2
481,Kq-c6lqGNlo.000.mp4,2,2,2
482,Kq-c6lqGNlo.005.mp4,3,2,2
483,kUpkeJDcxaE.000.mp4,2,2,2
484,kUv0BJQmKq0.001.mp4,3,3,3
485,kX-o1qmgWvc.004.mp4,2,2,2
486,kY_4WyAXxrQ.000.mp4,2,2,2
487,kY_4WyAXxrQ.003.mp4,2,2,2
488,L_gmlaz-0s4.003.mp4,2,1,2
489,l3IoZ_QmOQo.001.mp4,3,3,2
490,L5kpy0SA7os.000.mp4,2,3,3
491,L9sG80PI1Gw.003.mp4,3,3,2
492,LBrmHHzyIiY.002.mp4,2,2,2
493,L-C1blPD_ec.000.mp4,2,2,2
494,LCafv-LfC3Y.001.mp4,2,2,2
495,LCafv-LfC3Y.004.mp4,2,2,2
496,ld7mBR4v3yU.002.mp4,2,2,2
497,ldq15dfuaLg.001.mp4,2,3,3
498,LeQKH1vAVpg.003.mp4,2,2,2
499,LeQKH1vAVpg.005.mp4,2,2,2
500,LfvTKoMYLEE.004.mp4,3,3,2
501,LGPm8ok6kVo.001.mp4,2,3,1
502,LKqN07ryM5I.004.mp4,3,2,2
503,lLKwlPLdYig.000.mp4,3,3,2
504,lLWOcztaIBI.000.mp4,2,2,3
505,lLWOcztaIBI.001.mp4,2,2,3
506,lmz3nj1VLzY.003.mp4,1,2,2
507,L-rmZZP_wj8.004.mp4,3,3,3
508,LRU4jLhKaak.003.mp4,2,2,2
509,Lt89YrQHF_w.005.mp4,2,2,2
510,LtBYojIGYEc.003.mp4,2,2,2
511,luH2RoZW-eY.001.mp4,2,2,1
512,LuLUAwn0aWU.004.mp4,2,3,2
513,LuLUAwn0aWU.005.mp4,2,2,2
514,lvae9lRUugE.004.mp4,2,2,2
515,ly_0m16694Q.003.mp4,2,1,1
516,Lz3hYPF6aIM.003.mp4,2,2,2
517,m_9aygJNij8.004.mp4,2,2,2
518,m3z_a0l0FRk.000.mp4,2,3,1
519,m4-vvEeWP8s.002.mp4,3,2,2
520,m4ZmRZCv6VA.005.mp4,2,2,3
521,m536hegSuKI.002.mp4,3,2,2
522,m536hegSuKI.004.mp4,3,2,3
523,m5kTITzj1bY.001.mp4,3,3,2
524,mBJTwQsDC4M.002.mp4,1,3,2
525,MD9yyz-OSRs.002.mp4,3,3,2
526,MD9yyz-OSRs.004.mp4,2,3,2
527,Me22JENkhJA.000.mp4,2,2,2
528,me5UoRny6NU.005.mp4,3,2,2
529,mEQBB6XsJFk.005.mp4,2,3,2
530,mflgXFsGU9w.004.mp4,3,3,2
531,MI_GQLbnoew.000.mp4,3,2,2
532,mkJjaOADfj4.001.mp4,3,3,2
533,mlsiYewUwO0.003.mp4,2,2,3
534,mlXZQ8dO0nQ.005.mp4,3,3,2
535,MnARi5OWW9Q.000.mp4,2,2,2
536,mnRuiwFx_Z8.005.mp4,2,3,2
537,modNfUPt3F4.000.mp4,2,3,2
538,modNfUPt3F4.005.mp4,2,2,2
539,MOobNUpfWiY.000.mp4,1,2,1
540,MOobNUpfWiY.004.mp4,2,2,1
541,MOXPVzRBDPo.002.mp4,2,2,3
542,MOXPVzRBDPo.004.mp4,3,3,3
543,mpk5Ubw2fj8.004.mp4,2,2,2
544,MrfJ1qDJAwo.005.mp4,2,2,2
545,M-SuraqmC9s.000.mp4,2,1,1
546,muLgzV1gGao.001.mp4,2,2,2
547,MuYYY3XaJ7Q.003.mp4,3,3,3
548,mY1ZTvNVkSA.002.mp4,2,3,2
549,mY1ZTvNVkSA.003.mp4,2,2,2
550,myhEW1aZRg4.000.mp4,2,3,3
551,mZ2CHgzwDt0.002.mp4,2,2,2
552,mZ3vypXAfHg.003.mp4,2,2,2
553,mZQP06F94u8.003.mp4,2,2,2
554,N0s2M3bJkUk.003.mp4,2,2,2
555,N1ZOAktFbI0.002.mp4,3,3,3
556,N4tuu9aCXkw.004.mp4,2,2,1
557,n5Jeeqfj2_U.005.mp4,2,3,3
558,n8IiQJyqjiE.003.mp4,2,3,1
559,nBjBfN9SbpM.002.mp4,2,2,1
560,nBjBfN9SbpM.003.mp4,2,2,1
561,ncmnmmmWEpU.004.mp4,3,2,2
562,NdAJGXf8aos.002.mp4,3,2,3
563,NDBCrVvp0Vg.003.mp4,3,2,3
564,NDC375coN1o.001.mp4,2,1,1
565,nDsTSmE73M0.000.mp4,2,2,2
566,NFAlff6GUpA.003.mp4,2,3,2
567,nfN9qJSVank.005.mp4,2,2,3
568,Ng2E0E5tiZQ.005.mp4,2,3,2
569,NG8qWulkRM4.001.mp4,2,2,2
570,nGGtTu6dSJE.000.mp4,1,2,1
571,NhyVkwcZbTA.005.mp4,2,3,2
572,NI-tZF3gfes.004.mp4,3,2,3
573,nkmYbzMmrYw.001.mp4,2,3,2
574,nKx64KH7Xks.005.mp4,2,2,2
575,nmZRXxKPPuQ.002.mp4,2,2,2
576,noepjVnUVFY.000.mp4,2,3,1
577,nOFHZ_s7Et4.005.mp4,3,2,3
578,NoHext7JXYU.000.mp4,2,2,1
579,NTATNIs2sSc.001.mp4,2,2,2
580,nUazOUcW_AM.005.mp4,3,3,2
581,nUbhRInpVbA.004.mp4,2,2,2
582,Nv0-x4K9YFI.001.mp4,2,2,1
583,NWlCdMyKlE0.000.mp4,2,3,2
584,nZC82V87Pm0.004.mp4,2,2,2
585,nZz1hK90gwA.002.mp4,3,3,1
586,nZz1hK90gwA.004.mp4,3,3,2
587,O14mSiNfYDo.001.mp4,2,2,2
588,o2lu6rkd5-Y.001.mp4,2,2,2
589,o6JCQlOC3oE.002.mp4,2,2,1
590,OACoHiwOdXQ.005.mp4,2,2,2
591,oC-qxnrmJws.002.mp4,3,3,3
592,OD_gyCYpR8U.002.mp4,2,2,2
593,OD3cfWeJaOY.004.mp4,2,3,2
594,odHogR_36Dc.000.mp4,2,2,2
595,odRqijkG28U.004.mp4,3,3,2
596,Oe7ItP7gS4w.000.mp4,2,3,2
597,OEKg-Tvwcbk.003.mp4,3,2,2
598,og8vtyRh_bc.000.mp4,3,3,2
599,OgPC4wnLJR0.001.mp4,2,2,3
600,OIRq4d8IyKc.002.mp4,2,2,2
601,okSmKH2k5lE.002.mp4,2,2,2
602,oLO05QNhhGg.005.mp4,2,2,2
603,om-9kFEKJIs.004.mp4,2,2,2
604,omeHsKF7InA.000.mp4,1,2,2
605,OMHlfDF99Mw.000.mp4,2,2,2
606,OmXuhT4yJpo.000.mp4,3,2,3
607,On2c_8sU8Vw.001.mp4,2,3,2
608,OovRk5U9_GY.000.mp4,2,3,3
609,OoxYhDbzWwg.002.mp4,2,1,2
610,OoxYhDbzWwg.005.mp4,2,1,2
611,opEoJBrcmbI.002.mp4,3,2,2
612,opEoJBrcmbI.005.mp4,3,2,2
613,Or2_bP4lWYI.004.mp4,2,2,2
614,orlXEgAepGo.002.mp4,3,2,2
615,Os7L5C-i9Fw.004.mp4,2,2,2
616,osqQpQsJNPQ.000.mp4,2,2,2
617,osqQpQsJNPQ.004.mp4,2,3,2
618,OugdInDyt9s.003.mp4,2,2,2
619,outvbZgNX58.004.mp4,2,2,2
620,ouYYWCY__5A.005.mp4,2,2,2
621,OWZ-qVZG14A.002.mp4,1,2,2
622,OWZ-qVZG14A.003.mp4,2,2,2
623,OxaBanUE6KE.001.mp4,2,3,2
624,OxaBanUE6KE.002.mp4,2,3,2
625,OxaBanUE6KE.004.mp4,2,3,2
626,OXkDmd3nA94.000.mp4,2,1,3
627,OXkDmd3nA94.004.mp4,2,1,3
628,oYiWW-Qc0rs.002.mp4,2,3,3
629,OZaP2T74bLI.000.mp4,3,3,3
630,p_Z4QGqu4Qo.001.mp4,3,3,2
631,p_Z4QGqu4Qo.004.mp4,3,3,2
632,P63CUj9KnSw.004.mp4,2,2,2
633,p9l1MBw-5ic.002.mp4,2,1,2
634,p9tAC-RqZPI.002.mp4,2,3,2
635,PCmec_zcu_w.002.mp4,2,3,3
636,PgpMUHH8lEI.000.mp4,2,1,3
637,PgpMUHH8lEI.003.mp4,2,2,3
638,PJxgOFaaUZM.004.mp4,2,2,2
639,PKYh4sungwI.003.mp4,3,3,2
640,pOtWKOF07iU.000.mp4,2,2,2
641,pOtWKOF07iU.002.mp4,2,2,2
642,pPtzEnf5afw.000.mp4,2,2,2
643,pQy4omHIf7o.003.mp4,2,3,2
644,pQy4omHIf7o.004.mp4,2,2,2
645,PRplbrM70sg.004.mp4,3,2,3
646,Psahy1Vju4A.002.mp4,2,2,2
647,Psahy1Vju4A.005.mp4,1,3,1
648,pT8nyxks1Q4.005.mp4,2,3,1
649,PtA7yAu9-VE.005.mp4,2,2,2
650,PTV5TBVRHxo.000.mp4,2,2,2
651,PTV5TBVRHxo.002.mp4,2,2,2
652,puLXzqUvm_U.003.mp4,2,1,2
653,PuVy3akfzNI.002.mp4,2,2,2
654,pvvff396Rqg.004.mp4,2,2,2
655,pvvff396Rqg.005.mp4,2,2,3
656,PWAe9M2SxT8.001.mp4,2,3,2
657,PYL8BGJKu20.001.mp4,2,2,2
658,PyPFJWirPjs.000.mp4,2,2,1
659,PyPFJWirPjs.001.mp4,2,2,1
660,PYYC0Jiwfdg.000.mp4,2,3,2
661,pzfDth6nFQE.005.mp4,2,2,3
662,Q2AI4XpApFs.001.mp4,2,2,3
663,Q2AI4XpApFs.002.mp4,2,2,3
664,Q4z4GRUtccE.000.mp4,2,2,2
665,qCFFW1dM8V8.005.mp4,2,3,2
666,qcq5oIRJFUI.004.mp4,2,2,1
667,qD15qWMepxU.003.mp4,2,3,1
668,QDd2AfQEAqs.001.mp4,2,2,2
669,QiPb8vlGDFo.001.mp4,2,2,3
670,QipgesEKSNA.002.mp4,3,3,2
671,qjU3GX3jgSY.002.mp4,2,3,2
672,QKluS-uQIaM.002.mp4,3,2,2
673,qMARpi60Hhs.000.mp4,2,2,2
674,qmiBcHJpKR0.003.mp4,2,3,3
675,QMRAbwZCTfI.005.mp4,2,1,2
676,QNVsr2mGwGs.001.mp4,2,2,2
677,qP1UtCbMaW4.003.mp4,2,3,2
678,qPzzmcuf-VI.000.mp4,2,3,3
679,QqTw0lnrtBo.002.mp4,2,2,2
680,qr1C43Ylavg.001.mp4,2,3,2
681,qRtKUGgULL8.000.mp4,2,3,2
682,QsUj_OlGQ-0.005.mp4,2,3,2
683,qtB-CogljAo.002.mp4,2,2,2
684,QuwVzi2tQrQ.005.mp4,3,2,3
685,qVcw5-mm31s.004.mp4,2,2,2
686,QXFRE_pjrAE.001.mp4,2,2,3
687,QXFRE_pjrAE.003.mp4,3,3,2
688,Qz_cjgCtDcM.003.mp4,2,2,2
689,Qz_cjgCtDcM.005.mp4,2,3,3
690,R0RURVpmU9M.004.mp4,3,2,2
691,r1v6EmZv7-o.002.mp4,2,2,2
692,r2BoxB3kgYk.003.mp4,3,3,1
693,r2HcJYjGK5s.005.mp4,2,2,2
694,-R2SZu3SYgM.000.mp4,2,3,1
695,R42dmIPCXwo.001.mp4,2,3,2
696,R6NTuhZtOks.003.mp4,2,2,2
697,r93dLeVRk3U.003.mp4,3,2,2
698,r9TaaVTo8Y8.002.mp4,3,2,3
699,r9TaaVTo8Y8.003.mp4,3,2,2
700,rBxWZzkEncE.003.mp4,2,3,2
701,rBxWZzkEncE.004.mp4,2,3,2
702,RCr48dXuZYE.002.mp4,2,2,2
703,rCxlfusNJlY.001.mp4,2,2,2
704,rD6NViDdyOU.001.mp4,2,3,2
705,RdHnu7ZxjzI.000.mp4,2,3,2
706,RDOngWykAQU.000.mp4,2,3,2
707,rFs0AC2qV6o.001.mp4,3,3,2
708,rGTn2uaCAT0.003.mp4,3,3,2
709,RgZTZIf8K8g.003.mp4,2,1,2
710,RhFPotjd0hM.004.mp4,2,2,1
711,rIRBEkDhn6Q.003.mp4,2,2,2
712,RlaaCqle7tY.005.mp4,2,3,2
713,RlUuWWWFrhM.005.mp4,2,2,2
714,RthpiC1KtSg.000.mp4,2,2,2
715,RthpiC1KtSg.003.mp4,2,2,2
716,RtNylXap2qk.000.mp4,3,2,3
717,rUGAiuYHNgE.000.mp4,2,2,2
718,RuRn2t7iPSc.000.mp4,2,2,2
719,RvoxbgEP49Q.005.mp4,2,2,2
720,Rwsss8y1bf0.000.mp4,3,3,2
721,Rwsss8y1bf0.004.mp4,3,3,2
722,rxYWgXYTATs.002.mp4,3,2,2
723,rxYWgXYTATs.003.mp4,3,3,3
724,RZOimXPTG0s.000.mp4,3,2,3
725,RZOimXPTG0s.002.mp4,3,2,2
726,S0QIXcQGG-g.001.mp4,2,3,3
727,s3m8DgUi6GM.001.mp4,2,2,2
728,Sa7iqqSbaTU.000.mp4,2,2,2
729,Sa7iqqSbaTU.002.mp4,2,2,2
730,Sb1b8JMVhLs.002.mp4,2,3,2
731,scifP1EXSdo.001.mp4,2,3,2
732,SCZLT4fH5B8.001.mp4,2,2,3
733,sDWJMBZ1mVA.002.mp4,2,1,1
734,sDWJMBZ1mVA.003.mp4,2,2,1
735,SFxiMxHvJuo.000.mp4,2,3,1
736,SFxiMxHvJuo.001.mp4,3,3,2
737,SgzOYog1pH4.003.mp4,3,3,2
738,shAhNNV-zHA.000.mp4,2,3,3
739,shQmRW4CrGE.000.mp4,2,2,2
740,shV5Fbzn9pw.002.mp4,2,2,2
741,si_gZCrLa4A.005.mp4,2,2,1
742,s-jZlMKQGwc.000.mp4,2,2,2
743,s-jZlMKQGwc.002.mp4,2,2,2
744,SkNO4x-LSgE.005.mp4,2,2,1
745,sNPK8f4FSfo.001.mp4,3,3,2
746,sNs4yCA11wk.000.mp4,2,2,2
747,sNs4yCA11wk.001.mp4,3,3,3
748,sntohi33U5s.001.mp4,2,2,2
749,sntohi33U5s.005.mp4,2,2,2
750,sOkGz6gEmGk.000.mp4,2,2,2
751,SOxdUtjGmAo.003.mp4,2,3,3
752,sqnW6xXYTKg.001.mp4,3,2,2
753,sqnW6xXYTKg.002.mp4,3,2,2
754,SxRNdq2nGN0.001.mp4,2,2,2
755,SYlV95nPTPs.001.mp4,2,3,2
756,t0_DAgeU4nM.003.mp4,2,3,2
757,t1PKNXE-IiM.000.mp4,3,3,3
758,T1tJTwlGqOM.001.mp4,3,2,2
759,T1tJTwlGqOM.005.mp4,3,2,2
760,t3A2UMN3JeE.000.mp4,2,3,2
761,T4eZ81aJwJI.004.mp4,2,3,2
762,T6CMGXdPUTA.001.mp4,3,2,3
763,t899haDGi38.003.mp4,3,3,2
764,T9xSEBSaL7Q.003.mp4,2,2,1
765,Tad9Q9OFjJw.003.mp4,2,2,2
766,TaL5JleXDP8.003.mp4,2,2,3
767,taSAaWKcmTw.004.mp4,2,3,2
768,TaTMtWvSmu4.003.mp4,2,3,2
769,TCzYD74Xqe8.000.mp4,2,2,1
770,TD3H2DOSi1Y.001.mp4,2,2,2
771,TEGJrmNFvXY.001.mp4,2,3,2
772,TeNC9wOhlXM.000.mp4,3,2,3
773,tEQEKN07KgQ.000.mp4,2,2,1
774,tEQEKN07KgQ.003.mp4,2,2,1
775,TJD__22fOr0.000.mp4,3,3,2
776,T-mK85acIOc.004.mp4,3,2,2
777,tOifNTq8jPw.005.mp4,3,2,3
778,TPk6KiHuPag.004.mp4,2,2,2
779,TPRQyuiNYmI.002.mp4,2,2,3
780,Tr3A7WODEuM.001.mp4,2,3,2
781,tS6bRcIIjDc.003.mp4,3,1,2
782,tS6bRcIIjDc.005.mp4,2,2,2
783,twO6ceVTuII.001.mp4,2,2,2
784,u_qvbRpm88k.005.mp4,2,2,1
785,u2XbiBuuxyI.001.mp4,2,2,1
786,u50B6bIkN9g.002.mp4,2,3,2
787,U9NlCSah83U.001.mp4,2,2,2
788,ua5c716lu5s.001.mp4,2,2,1
789,UD-8YYU7GZs.004.mp4,2,2,1
790,uf_sIIw4zxY.002.mp4,2,2,3
791,uHrP02iwW1o.002.mp4,2,3,3
792,UKHSKkb0V1o.003.mp4,2,3,2
793,UoC_4qi_m9c.002.mp4,3,1,2
794,UOvgGSx9k_k.002.mp4,3,3,2
795,upgv7xmOb1I.002.mp4,1,1,1
796,upgv7xmOb1I.005.mp4,3,2,1
797,UQeuBvZNusI.001.mp4,2,2,1
798,UQeuBvZNusI.003.mp4,2,2,1
799,UrOamWOcOwQ.000.mp4,2,3,2
800,uRY3aJAaogw.001.mp4,2,2,2
801,US4PxgfKDeA.003.mp4,2,2,1
802,USicjVA1trA.005.mp4,3,2,2
803,USO-o9dHJ3U.000.mp4,1,1,2
804,USO-o9dHJ3U.004.mp4,2,3,2
805,-utrsarZeIY.001.mp4,2,3,2
806,utv9RBNcL5w.005.mp4,2,2,3
807,Uu-NbXUPr-A.001.mp4,2,3,3
808,uwUkp63db18.004.mp4,2,1,2
809,UWVOT3YPQH4.005.mp4,2,3,3
810,V1TjmLtgNm0.005.mp4,3,3,2
811,V7_h3URfSFY.005.mp4,2,2,2
812,V8JaJ2IVG9E.005.mp4,2,3,3
813,V8w2Lo5wxl8.004.mp4,3,2,2
814,V9roK_mLM-w.003.mp4,3,3,2
815,VA5XjOaBH0Y.000.mp4,2,2,2
816,vAEqpUwBMJQ.004.mp4,2,2,2
817,vAEqpUwBMJQ.005.mp4,2,2,2
818,VAZLQqJa9rQ.003.mp4,2,2,2
819,vCY4uvfrWXA.003.mp4,2,3,2
820,vE9XgQL7DGE.003.mp4,2,2,2
821,VForU0EmBr0.003.mp4,2,2,2
822,VGoAtKcKIe8.005.mp4,2,2,3
823,vHIBCKwJLEY.001.mp4,1,2,2
824,vIW7gDmhYMk.004.mp4,2,2,2
825,Vj-Cmtqv_qY.001.mp4,3,3,2
826,vJDx6TCX32M.001.mp4,2,2,2
827,Vk3scj5vhd4.004.mp4,2,2,2
828,vMtF0akNUK4.000.mp4,2,2,3
829,vNEs2yGe77s.000.mp4,2,3,2
830,VOhsEbDjZ9E.001.mp4,2,2,2
831,voSLxKtKr0Q.003.mp4,2,3,2
832,vr5FWHUkYRM.000.mp4,2,2,2
833,vr5FWHUkYRM.001.mp4,2,2,2
834,vR7YF7Zv5-Q.003.mp4,2,2,2
835,VRjJxTqOJyo.002.mp4,3,3,2
836,VRjJxTqOJyo.004.mp4,3,2,2
837,vrMlwwTLWIE.005.mp4,3,3,1
838,-VTqcHNgH7M.003.mp4,2,2,2
839,VTv4BAYgJpk.001.mp4,2,2,2
840,VTv4BAYgJpk.005.mp4,2,2,2
841,VUgKH9DIs-8.001.mp4,2,1,1
842,VvSk5m90xOs.000.mp4,1,2,2
843,vYkHHVeNK_M.003.mp4,2,2,1
844,Vy-Lr_iM5qo.001.mp4,3,1,2
845,Vy-Lr_iM5qo.003.mp4,3,1,2
846,w0CQ55sKmck.002.mp4,2,2,2
847,W0FCCk0a0tg.001.mp4,2,1,2
848,W2AB3UUyvwI.005.mp4,2,2,2
849,w2FKw8IhbFw.001.mp4,2,2,2
850,w4cZStXMUII.003.mp4,2,3,2
851,W4tz3plvvKI.003.mp4,2,2,2
852,w7O2QJu2Wl4.005.mp4,3,3,2
853,w989xx44UQI.001.mp4,3,3,2
854,Wa-HX5jP3ew.003.mp4,2,1,2
855,WATt9OOVZh8.001.mp4,2,3,3
856,Wd0V4MNvqcg.001.mp4,2,2,1
857,wdeOWVDSeLE.001.mp4,2,2,2
858,wDvZdcb00Bg.004.mp4,2,2,2
859,wJl7DbsbrDA.000.mp4,2,3,2
860,wm94g-5Cg5s.005.mp4,2,3,1
861,WpMPrPnk1po.000.mp4,1,3,2
862,-Wqk9eex6bQ.003.mp4,2,2,2
863,-Wqk9eex6bQ.004.mp4,2,1,3
864,WRz1F6DqmRQ.000.mp4,2,3,2
865,WT1YjeADatU.001.mp4,2,2,3
866,wTo1uZns2X8.000.mp4,2,2,2
867,WuHLxhCSnGs.005.mp4,1,2,2
868,WuIKjBb7s4Q.003.mp4,2,3,1
869,Wx_oe0SxD9w.002.mp4,2,3,2
870,WyLqK6wzYLU.001.mp4,2,2,3
871,wYZJ2HXfvmQ.002.mp4,2,2,2
872,x0CZuHnJ0Hs.005.mp4,2,3,2
873,X1EjfXX3NTk.000.mp4,2,2,2
874,X1EjfXX3NTk.003.mp4,3,3,2
875,x6Tluj4dJTU.002.mp4,2,3,2
876,x6Tluj4dJTU.004.mp4,2,3,1
877,Xauhek9-iKA.001.mp4,3,3,3
878,xBiI0Oo1vBw.005.mp4,2,2,2
879,xDjhf8wrNWQ.001.mp4,2,2,2
880,XEpdSMQfEOs.003.mp4,2,3,2
881,XfK7WZ3skUM.001.mp4,2,2,2
882,Xfmu-7JuDGg.001.mp4,1,2,2
883,Xfmu-7JuDGg.002.mp4,2,2,2
884,Xfmu-7JuDGg.004.mp4,2,2,2
885,XFqLaKqrUHM.004.mp4,2,3,2
886,xHb5_bc1JOA.000.mp4,2,3,2
887,xHb5_bc1JOA.003.mp4,2,3,2
888,XkeSLRAftxA.001.mp4,2,3,2
889,xmD4FKMq2rk.005.mp4,2,2,2
890,XQZ5M9oLkXw.005.mp4,2,2,3
891,XRoSKIIFp9c.003.mp4,2,2,2
892,xsLvl2qGrxU.002.mp4,3,2,2
893,xX5Imr7UmaA.002.mp4,3,3,2
894,xyOq5SL0Evc.004.mp4,2,2,2
895,Y-_JeJoCjUo.001.mp4,2,2,3
896,y0UCXXk9tlM.005.mp4,2,3,3
897,y4Ej1YSEQf0.002.mp4,2,3,3
898,Y6iogSmj6FQ.005.mp4,3,2,2
899,Y8gv_ZK3w4A.002.mp4,2,2,3
900,Y8gv_ZK3w4A.003.mp4,2,2,3
901,ya8Ec_yTai8.002.mp4,2,2,2
902,Ya9Szm73LfE.002.mp4,2,2,2
903,yBlPsPBRv5E.002.mp4,2,3,3
904,yBMuZWldxLk.001.mp4,3,1,2
905,yftfxiDNXko.002.mp4,2,2,2
906,YGJ33FXzJO8.005.mp4,2,3,2
907,YGrCXe2-fVk.004.mp4,2,3,3
908,yIe7Rp54-bU.001.mp4,2,2,2
909,yIM5bal1VVs.005.mp4,3,2,2
910,YiX6thczM1w.001.mp4,2,2,2
911,YiX6thczM1w.005.mp4,2,2,2
912,Yj36y7ELRZE.001.mp4,2,1,2
913,Yj36y7ELRZE.004.mp4,2,1,2
914,ykm4JTvlOCQ.000.mp4,2,2,3
915,--Ymqszjv54.004.mp4,2,2,2
916,ymrFbEMNBME.004.mp4,2,2,2
917,yOzHZOg95Ug.003.mp4,1,1,1
918,yOzHZOg95Ug.005.mp4,1,1,1
919,YPMffqhP0C8.000.mp4,2,2,2
920,YPnuq0tDDqk.000.mp4,3,3,1
921,yRVvI1x2DBI.005.mp4,2,2,2
922,y--uBBy7ebM.005.mp4,2,2,3
923,YucM3Zzvekg.001.mp4,2,2,3
924,YuoLr4xDvbE.004.mp4,2,3,2
925,yVSfQZGt1co.001.mp4,2,2,3
926,YygvfVxOWP8.000.mp4,2,2,2
927,YygvfVxOWP8.005.mp4,2,2,2
928,YyHOKFYDZ5Y.004.mp4,2,2,2
929,yzgA9oAEgI4.002.mp4,3,3,3
930,Z_STuUHKQTg.003.mp4,2,2,3
931,Z5S5uGXkNuc.001.mp4,3,2,2
932,Z9GzSxQHKSI.001.mp4,2,2,2
933,ZCLfVue6xAg.001.mp4,1,2,2
934,ZeGT9pSG734.003.mp4,2,2,2
935,zF46tAI2PQc.004.mp4,2,2,2
936,zFVjcb45pjI.002.mp4,2,3,2
937,ZgFh3JPMs3Q.003.mp4,2,2,2
938,ZhPQrqxo2mw.000.mp4,3,2,3
939,ZIk7N-xHvF4.003.mp4,2,2,1
940,ZIk7N-xHvF4.004.mp4,2,2,1
941,ZiKxJbVI5_g.002.mp4,3,3,3
942,ZiKxJbVI5_g.004.mp4,3,3,3
943,zJEnT19uoPY.005.mp4,2,2,2
944,zJR7w4DABGU.002.mp4,2,2,2
945,ZkypeQdzgvQ.003.mp4,2,2,2
946,zNHM8iNyTO4.005.mp4,2,2,2
947,Znixev2a1AI.001.mp4,2,2,2
948,ZNJFmNiWC4I.001.mp4,2,2,3
949,ZNJFmNiWC4I.003.mp4,3,2,3
950,ZoHY-rWJsyw.001.mp4,2,3,1
951,ZqbJIM7rmO8.001.mp4,2,2,2
952,ZqbJIM7rmO8.003.mp4,2,2,2
953,zRiS2gIUc9s.000.mp4,2,3,2
954,zT_s9X21gAE.005.mp4,2,2,2
955,ztyBhnjtrz0.004.mp4,2,2,2
956,zupxsNi2er8.005.mp4,2,3,2
957,zvX4fNj0uxk.004.mp4,2,2,2
958,Zwu5Y5r3Lrs.001.mp4,3,2,2
959,ZXeO5dRFrj0.005.mp4,2,3,3
